prompt,code
"एक फॉर्म बनाओ जो सबमिट करने पर चेक करे कि इनपुट फील्ड खाली है या नहीं","<form onsubmit=""if(document.getElementById('fname').value === ''){ alert('Name must be filled out'); return false; }""><label>Name:</label><input id='fname' type='text'><input type='submit'></form>"
"एक पासवर्ड फील्ड बनाओ जो 6 कैरेक्टर से कम होने पर एरर दे","<form onsubmit=""if(document.getElementById('pwd').value.length < 6){ alert('Password must be at least 6 characters'); return false; }""><label>Password:</label><input id='pwd' type='password'><input type='submit'></form>"
"`setTimeout` का उपयोग करके 2 सेकंड बाद एक फंक्शन कॉल करो","<script>function delayedAlert() { alert('This message appeared after 2 seconds.'); } setTimeout(delayedAlert, 2000);</script>"
"एक काउंटर शुरू करो जो हर सेकंड बढ़े और एक बटन से बंद हो जाए","<p id='counter'>0</p><button onclick=""clearInterval(myInterval)"">Stop Counter</button><script>var c=0; var myInterval = setInterval(function(){ c++; document.getElementById('counter').innerText = c; }, 1000);</script>"
"एक जावास्क्रिप्ट ऑब्जेक्ट को JSON स्ट्रिंग में बदलो","<script>var user = {name:'Amit', age:25}; var jsonString = JSON.stringify(user); console.log(jsonString);</script>"
"एक JSON स्ट्रिंग को वापस जावास्क्रिप्ट ऑब्जेक्ट में बदलो","<script>var jsonString = '{\""name\"":\""Amit\"", \""age\"":25}'; var userObject = JSON.parse(jsonString); console.log(userObject.name);</script>"
"`window.location.href` से वर्तमान पेज का URL पता करो","<script>alert('The current URL is: ' + window.location.href);</script>"
"एक बटन बनाओ जो क्लिक करने पर गूगल पर रीडायरेक्ट करे","<button onclick=""window.location.href='https://google.com'"">Go to Google</button>"
"जावास्क्रिप्ट से एक सिंपल कुकी (cookie) सेट करो","<script>document.cookie = 'username=Amit; expires=Fri, 31 Dec 2026 23:59:59 GMT; path=/'; alert('Cookie set!');</script>"
"जावास्क्रिप्ट से बनाई गई कुकी को पढ़ो","<script>alert('Cookies for this page: ' + document.cookie);</script>"
"`localStorage` में एक की-वैल्यू पेयर सेव करो","<script>localStorage.setItem('theme', 'dark');</script>"
"`localStorage` से एक वैल्यू प्राप्त करो","<script>var theme = localStorage.getItem('theme'); alert('Saved theme is: ' + theme);</script>"
"`sessionStorage` में डेटा सेव करो जो टैब बंद होने पर डिलीट हो जाए","<script>sessionStorage.setItem('session_status', 'active');</script>"
"एक एरो (arrow) फंक्शन बनाओ","<script>const greet = () => { return 'Hello from an arrow function!'; }; console.log(greet());</script>"
"टेम्पलेट लिटरल का उपयोग करके एक स्ट्रिंग बनाओ","<script>var name='Amit'; var str = `Hello, my name is ${name}!`; console.log(str);</script>"
"`for...of` लूप का उपयोग करके एक एरे के आइटम्स को प्रिंट करो","<script>const colors = ['red', 'green', 'blue']; for (const color of colors) { console.log(color); }</script>"
"`for...in` लूप का उपयोग करके एक ऑब्जेक्ट की प्रॉपर्टीज को प्रिंट करो","<script>const person = {fname:'Amit', lname:'Saka', age:25}; for (const key in person) { console.log(key + ': ' + person[key]); }</script>"
"`try...catch` ब्लॉक का उपयोग करके जावास्क्रिप्ट एरर को हैंडल करो","<script>try { nonExistentFunction(); } catch(err) { console.log('An error occurred: ' + err.message); }</script>"
"जावास्क्रिप्ट से एक CSS वेरिएबल का मान बदलो","<style>:root{--bg-color: lightblue;}</style><div id='varDiv' style='padding:10px; background-color: var(--bg-color);'>Click button to change my color.</div><button onclick=""document.documentElement.style.setProperty('--bg-color', 'lightgreen')"">Change Color</button>"
"`fetch` का उपयोग करके एक API से डेटा प्राप्त करो","<script>fetch('https://jsonplaceholder.typicode.com/todos/1').then(response => response.json()).then(data => console.log(data));</script>"
"जावास्क्रिप्ट से एक नया पैराग्राफ एलिमेंट बनाओ","<script>var newParagraph = document.createElement('p'); newParagraph.textContent = 'I was created by JS.'; document.body.appendChild(newParagraph);</script>"
"एक div के अंदर एक नया h3 एलिमेंट जोड़ो","<div id='parentDiv' style='border: 1px solid;'></div><script>var newHeading = document.createElement('h3'); newHeading.innerHTML = 'Appended Heading'; document.getElementById('parentDiv').appendChild(newHeading);</script>"
"एक div के अंदर से एक चाइल्ड एलिमेंट को हटाओ","<div id='parentDiv2'><p id='childPara'>Remove me</p></div><script>var child = document.getElementById('childPara'); document.getElementById('parentDiv2').removeChild(child);</script>"
"एक एलिमेंट को दूसरे एलिमेंट से बदलो","<div id='parentDiv3'><p id='oldChild'>I am old.</p></div><script>var newChild = document.createElement('h3'); newChild.innerHTML='I am new.'; document.getElementById('parentDiv3').replaceChild(newChild, document.getElementById('oldChild'));</script>"
"किसी एलिमेंट के पैरेंट नोड का टैग नाम पता करो","<div id='parent'><span id='child'>Child</span></div><script>var parentTag = document.getElementById('child').parentNode.tagName; alert(parentTag);</script>"
"किसी एलिमेंट के सभी चाइल्ड नोड्स को सिलेक्ट करो","<div id='parentWithChildren' style='border:1px solid'><p>Child 1</p><span>Child 2</span></div><script>var children = document.getElementById('parentWithChildren').childNodes;</script>"
"किसी एलिमेंट के पहले और आखिरी चाइल्ड को सिलेक्ट करो","<div id='p4'><p>First</p><p>Middle</p><p>Last</p></div><script>var first = document.getElementById('p4').firstElementChild; var last = document.getElementById('p4').lastElementChild;</script>"
"किसी एलिमेंट के अगले सिबलिंग (sibling) को सिलेक्ट करो","<ul><li id='item1'>One</li><li id='item2'>Two</li></ul><script>var nextElement = document.getElementById('item1').nextElementSibling;</script>"
"जावास्क्रिप्ट से एक एलिमेंट में 'blue' क्लास जोड़ो","<style>.blue { color: blue; }</style><p id='addClassP'>Add class to me.</p><script>document.getElementById('addClassP').classList.add('blue');</script>"
"जावास्क्रिप्ट से एक एलिमेंट से 'red' क्लास हटाओ","<style>.red { color: red; }</style><p id='removeClassP' class='red'>Remove class from me.</p><script>document.getElementById('removeClassP').classList.remove('red');</script>"
"चेक करो कि एक एलिमेंट में कोई खास CSS क्लास है या नहीं","<div id='hasClassDiv' class='box'></div><script>var hasBoxClass = document.getElementById('hasClassDiv').classList.contains('box'); alert('Has ""box"" class: ' + hasBoxClass);</script>"
"सभी पैराग्राफ का रंग एक साथ बदलने के लिए लूप चलाओ","<p>Paragraph 1</p><p>Paragraph 2</p><script>var allParas = document.getElementsByTagName('p'); for(var i=0; i<allParas.length; i++){ allParas[i].style.color='green'; }</script>"
"एक ड्रॉपडाउन से सिलेक्टेड वैल्यू को अलर्ट में दिखाओ","<select id='mySelect' onchange=""alert('You selected: ' + this.value)""><option value='A'>Option A</option><option value='B'>Option B</option></select>"
"कौन सा रेडियो बटन चेक्ड है, उसकी वैल्यू पता करो","<input type='radio' name='opt' value='One' checked>1 <input type='radio' name='opt' value='Two'>2 <button onclick=""alert(document.querySelector('input[name=\'opt\']:checked').value)"">Get Checked Value</button>"
"एक बटन बनाओ जो क्लिक करने पर एक 400x400 की नई विंडो खोले","<button onclick=""window.open('https://google.com', '_blank', 'width=400,height=400')"">Open Small Window</button>"
"एक बटन बनाओ जो वर्तमान विंडो को बंद कर दे","<button onclick='window.close()'>Close This Window</button>"
"यूज़र की स्क्रीन की चौड़ाई और ऊंचाई पता करो","<button onclick=""alert('Screen Width: ' + screen.width + ', Screen Height: ' + screen.height);"">Show Screen Size</button>"
"यूज़र का ब्राउज़र ऐप नाम पता करो","<button onclick=""alert('Browser AppName: ' + navigator.appName);"">Show Browser Name</button>"
"ब्राउज़र हिस्ट्री में एक पेज वापस जाने के लिए एक बटन बनाओ","<a href='javascript:history.back()'>Go Back</a>"
"पेज के टाइटल को जावास्क्रिप्ट से बदलो","<script>document.title = 'New Page Title';</script>"
"`addEventListener` का उपयोग करके एक क्लिक इवेंट लगाओ","<button id='btn1'>Click Me</button><script>document.getElementById('btn1').addEventListener('click', function() { alert('Event Listener Clicked!'); });</script>"
"`mouseover` इवेंट लगाओ जो माउस ले जाने पर टेक्स्ट बदले","<p id='p_mouse'>Hover over me.</p><script>document.getElementById('p_mouse').addEventListener('mouseover', function() { this.innerHTML = 'Mouse is over!'; });</script>"
"`mouseout` इवेंट लगाओ जो माउस हटाने पर टेक्स्ट वापस बदल दे","<p id='p_mouse_out' onmouseover=""this.style.color='red'"" onmouseout=""this.style.color='black'"">Hover to change my color.</p>"
"जावास्क्रिप्ट से सभी पैराग्राफ (`p`) एलिमेंट्स को सिलेक्ट करो","<p>Paragraph 1</p><p>Paragraph 2</p><script>var allParagraphs = document.getElementsByTagName('p'); console.log('Found ' + allParagraphs.length + ' paragraphs.');</script>"
"जावास्क्रिप्ट से 'test' क्लास वाले सभी एलिमेंट्स को सिलेक्ट करो","<div class='test'>Div 1</div><p class='test'>Para 1</p><script>var allTestElements = document.getElementsByClassName('test');</script>"
"`querySelector` का उपयोग करके पहले 'item' क्लास वाले एलिमेंट को सिलेक्ट करो","<div class='item'>First</div><div class='item'>Second</div><script>var firstItem = document.querySelector('.item'); firstItem.style.color = 'green';</script>"
"`querySelectorAll` का उपयोग करके सभी 'item' क्लास वाले एलिमेंट्स को सिलेक्ट करो","<ul><li class='item'>A</li><li class='item'>B</li></ul><script>var allItems = document.querySelectorAll('.item');</script>"
"एक बटन बनाओ जो चेक करे कि एक नंबर 10 से बड़ा है या नहीं","<script>function checkNumber() { var x = 15; if (x > 10) { alert('Greater than 10'); } else { alert('Not greater than 10'); } }</script><button onclick='checkNumber()'>Check Number</button>"
"एक div पर क्लिक करके 'active' क्लास को टॉगल (जोड़ें/हटाएँ) करो","<style>.active{background:yellow; font-weight:bold;}</style><div id='div_toggle' onclick=""this.classList.toggle('active')"">Click to toggle the 'active' class.</div>"
"एक इनपुट फील्ड बनाओ जो कोई भी की (key) दबाने पर अलर्ट दिखाए","<input type='text' onkeydown=""alert('You pressed a key inside the input!')"" placeholder='Type here'>"
"एक तस्वीर बनाओ जो होवर करने पर बदल जाए","<img src='pic1.jpg' width='100' onmouseover=""this.src='pic2.jpg'"" onmouseout=""this.src='pic1.jpg'"">"
"जावास्क्रिप्ट से एक लिंक का `href` एट्रिब्यूट सेट करो","<a id='myLink' href='#'>Old Link</a><script>document.getElementById('myLink').setAttribute('href', 'https://www.newlink.com');</script>"
"एक कन्फर्मेशन बॉक्स दिखाओ और यूज़र का जवाब अलर्ट करो","<button onclick=""var result = confirm('Are you sure?'); alert('You pressed: ' + result);"">Show Confirm Box</button>"
"एक प्रॉम्प्ट बॉक्स से यूज़र का नाम पूछो और उसे ग्रीट करो","<button onclick=""var name = prompt('Please enter your name', 'Harry'); if (name != null) { alert('Hello, ' + name); }"">Ask for Name</button>"
"तीन फलों का एक जावास्क्रिप्ट एरे (array) बनाओ","<script>var fruits = ['Apple', 'Banana', 'Mango']; console.log(fruits[0]);</script>"
"एक एरे के सभी आइटम्स को कंसोल में प्रिंट करने के लिए लूप चलाओ","<script>var colors = ['Red', 'Green', 'Blue']; for (var i = 0; i < colors.length; i++) { console.log(colors[i]); }</script>"
"`innerHTML` और `innerText` के बीच का अंतर दिखाओ","<p id='demo_p'></p><script>document.getElementById('demo_p').innerText = '<b>This is bold text.</b>'; /* innerText renders tags as text */</script>"
"3 सेकंड के बाद एक अलर्ट दिखाओ","<button onclick=""setTimeout(function(){ alert('Hello after 3 seconds!'); }, 3000)"">Click and wait 3 seconds</button>"
"हर 1 सेकंड में समय अपडेट करने वाला डिजिटल क्लॉक बनाओ","<p id='clock'></p><script>setInterval(function(){ document.getElementById('clock').innerHTML = new Date().toLocaleTimeString(); }, 1000);</script>"
"एक बटन बनाओ जो क्लिक करने पर एक लिस्ट में नया आइटम जोड़े","<ul id='myList'><li>First item</li></ul><button onclick=""var node = document.createElement('li'); node.appendChild(document.createTextNode('New item')); document.getElementById('myList').appendChild(node);"">Add New Item</button>"
"एक 'Hello, World!' का अलर्ट दिखाओ","<script>alert('Hello, World!');</script>"
"ब्राउज़र कंसोल में 'Test Message' लिखो","<script>console.log('Test Message');</script>"
"जावास्क्रिप्ट से 'demo' आईडी वाले एलिमेंट को सिलेक्ट करो","<p id='demo'></p><script>var element = document.getElementById('demo');</script>"
"एक पैराग्राफ का टेक्स्ट जावास्क्रिप्ट से बदलो","<p id='p1'>Old Text</p><script>document.getElementById('p1').innerHTML = 'New Text';</script>"
"एक बटन बनाओ जो क्लिक करने पर अलर्ट दिखाए","<button onclick=""alert('Button Clicked!')"">Click Me</button>"
"एक div बनाओ जिस पर क्लिक करने पर उसका टेक्स्ट बदल जाए","<div id='div1' onclick=""this.innerHTML='You clicked me!'"">Click this div.</div>"
"एक जावास्क्रिप्ट फंक्शन बनाओ जो 'hello' अलर्ट करे","<script>function sayHello() { alert('hello'); }</script>"
"एक बटन बनाओ जो क्लिक करने पर 'sayHello' फंक्शन को कॉल करे","<script>function sayHello() { alert('hello'); }</script><button onclick='sayHello()'>Call Function</button>"
"जावास्क्रिप्ट से एक इमेज का सोर्स (src) बदलो","<img id='myImage' src='image1.jpg' width='100'><script>document.getElementById('myImage').src = 'image2.jpg';</script>"
"जावास्क्रिप्ट से एक टेक्स्ट का रंग नीला करो","<p id='p2'>Change my color.</p><script>document.getElementById('p2').style.color = 'blue';</script>"
"जावास्क्रिप्ट से एक टेक्स्ट का फॉन्ट साइज़ 30px करो","<p id='p3'>Make me big.</p><script>document.getElementById('p3').style.fontSize = '30px';</script>"
"एक वेरिएबल 'x' बनाओ और उसका मान 5 रखो","<script>var x = 5; console.log(x);</script>"
"एक वेरिएबल की वैल्यू को एक पैराग्राफ में दिखाओ","<p id='p4'></p><script>var name = 'Amit'; document.getElementById('p4').innerHTML = name;</script>"
"दो नंबरों को जोड़कर उसका परिणाम एक पैराग्राफ में दिखाओ","<p id='p5'></p><script>var a = 5; var b = 10; document.getElementById('p5').innerHTML = a + b;</script>"
"जावास्क्रिप्ट से एक एलिमेंट को छिपाओ","<h1 id='h1_hide'>Hide Me</h1><script>document.getElementById('h1_hide').style.display = 'none';</script>"
"एक छिपे हुए एलिमेंट को जावास्क्रिप्ट से दिखाओ","<p id='p_show' style='display:none;'>I am hidden.</p><script>document.getElementById('p_show').style.display = 'block';</script>"
"`this` कीवर्ड का उपयोग करके क्लिक किए गए एलिमेंट का टेक्स्ट बदलो","<button onclick=""this.innerHTML='I was clicked!'"">Click me</button>"
"एक इनपुट फील्ड की वैल्यू को अलर्ट में दिखाओ","<input type='text' id='nameInput' value='Saka'><button onclick=""alert(document.getElementById('nameInput').value)"">Show Value</button>"
"आज की तारीख और समय को एक पैराग्राफ में दिखाओ","<p id='time'></p><script>document.getElementById('time').innerHTML = Date();</script>"
"`document.write()` का उपयोग करके पेज पर कुछ लिखो","<p>This is a paragraph.</p><script>document.write('<h1>This text overwrites the page content.</h1>');</script>"
"CSS में một 'main-color' नाम का वेरिएबल बनाओ","<style>:root { --main-color: #3498db; }</style><p>Variable is set.</p>"
"`main-color` CSS वेरिएबल का उपयोग करके टेक्स्ट का रंग सेट करो","<style>:root { --main-color: #3498db; } p { color: var(--main-color); }</style><p>This text uses the CSS variable for its color.</p>"
"एक मीडिया क्वेरी बनाओ जो 600px से बड़ी स्क्रीन पर बैकग्राउंड बदले","<style>body { background-color: lightblue; } @media (min-width: 600px) { body { background-color: lightgreen; } }</style><div>Resize the browser window to see the effect.</div>"
"फ्लेक्सबॉक्स में मीडिया क्वेरी का उपयोग करके मोबाइल पर आइटम्स का क्रम बदलो","<style>.container{display:flex;} .item1{order:1;} .item2{order:2;} @media (max-width: 600px){.item1{order:2;}.item2{order:1;}}</style><div class='container'><div class='item1'>First item</div><div class='item2'>Second item (will show first on mobile)</div></div>"
"ग्रिड लेआउट को मोबाइल पर एक कॉलम का बनाओ","<style>.grid{display:grid; grid-template-columns: 1fr 1fr 1fr; gap:10px;} @media (max-width: 600px){.grid{grid-template-columns: 1fr;}}</style><div class='grid'><div style='background:lightgrey'>1</div><div style='background:lightgrey'>2</div><div style='background:lightgrey'>3</div></div>"
"एक div बनाओ जिसकी चौड़ाई और ऊंचाई viewport के 50% हो","<div style='width: 50vw; height: 50vh; background: coral;'>This div is 50% of your viewport width and height.</div>"
"`rem` यूनिट का उपयोग करके फॉन्ट साइज़ सेट करो","<p style='font-size: 1.5rem;'>This font size is relative to the root element (1.5rem).</p>"
"`em` यूनिट का उपयोग करके नेस्टेड फॉन्ट साइज़ सेट करो","<div style='font-size: 20px;'><p style='font-size: 1.5em;'>This text's size (30px) is 1.5 times its parent's font size (20px).</p></div>"
"`display: inline-block` का उपयोग करके आइटम्स को एक लाइन में रखो","<div style='display: inline-block; width: 100px; height: 50px; border: 1px solid; background: lightblue;'>A</div><div style='display: inline-block; width: 100px; height: 50px; border: 1px solid; background: lightgreen;'>B</div><p>They are in a line but have width/height.</p>"
"`float: left` का उपयोग करके इमेज के चारों ओर टेक्स्ट को रैप करो","<div><img src='image.jpg' alt='float' style='width: 50px; float: left; margin-right: 10px;'>This text will wrap around the image on the right side. This is a classic layout technique.</div>"
"`float` को क्लियर करने के लिए clearfix हैक का उपयोग करो","<style>.clearfix::after { content: ''; display: block; clear: both; }</style><div class='clearfix' style='border:1px solid'><div style='float: left;'>Floating Box</div></div><p>This text is below the float, not next to it.</p>"
"`position: sticky` का उपयोग करके एक एलिमेंट बनाओ जो स्क्रॉल करने पर चिपका रहे","<div style='height: 300px; border: 1px solid'><div style='position: sticky; top: 0; padding: 5px; background: lightyellow; border-bottom: 1px solid #ccc;'>I am sticky!</div><p style='margin-top:20px'>Scroll down to see the sticky effect.</p></div>"
"एक इमेज पर ब्लर (blur) इफ़ेक्ट लगाओ","<img src='image.jpg' alt='blur' style='filter: blur(2px);'>"
"एक इमेज को ग्रेस्केल (grayscale) करो","<img src='image.jpg' alt='grayscale' style='filter: grayscale(100%);'>"
"एक div को 45 डिग्री घुमाओ","<div style='width: 50px; height: 50px; margin: 20px; background: coral; transform: rotate(45deg);'></div>"
"एक div को होवर करने पर उसका साइज़ दोगुना करो","<style>.scaler:hover{transform:scale(2);}</style><div class='scaler' style='width:50px; height:50px; background:lightblue; transition:transform 0.3s; margin:20px;'>Scale me on hover</div>"
"एक div को उसकी जगह से 20px दाईं ओर खिसकाओ","<div style='width: 50px; height: 50px; background: lightgreen; transform: translate(20px, 0);'></div>"
"एक div को 20 डिग्री तिरछा (skew) करो","<div style='width: 50px; height: 50px; background: violet; transform: skewX(20deg);'></div>"
"एक div को रोटेट और स्केल दोनों करो","<div style='width: 50px; height: 50px; background: orange; transform: rotate(20deg) scale(1.2);'></div>"
"`display: contents` का उपयोग करके एक कंटेनर को लेआउट से हटाओ","<div style='display:flex; border: 1px solid red;'><div style='display:contents;'><p style='flex:1; border: 1px solid blue;'>Child 1</p><p style='flex:1; border: 1px solid blue;'>Child 2</p></div></div>"
"फ्लेक्सबॉक्स का उपयोग करके एक इमेज, टाइटल और टेक्स्ट वाला कार्ड बनाओ","<div style='display: flex; flex-direction: column; width: 200px; border: 1px solid grey; border-radius: 5px; box-shadow: 2px 2px 5px #ccc;'><img src='image.jpg' alt='card image' style='width: 100%;'><div style='padding: 10px;'><h3>Card Title</h3><p>Some card text here to describe.</p></div></div>"
"ग्रिड का उपयोग करके तीन कॉलम वाला एक कार्ड लेआउट बनाओ","<div style='display: grid; grid-template-columns: repeat(3, 1fr); gap: 15px;'><div style='border: 1px solid #ddd; padding: 10px;'>Card 1</div><div style='border: 1px solid #ddd; padding: 10px;'>Card 2</div><div style='border: 1px solid #ddd; padding: 10px;'>Card 3</div></div>"
"ग्रिड से एक 'होली ग्रेल' लेआउट (हेडर, फुटर, साइडबार, मेन कंटेंट) बनाओ","<style>.hg-wrapper{display:grid; grid-template-areas: 'header header header' 'nav main aside' 'footer footer footer'; gap: 5px; height: 200px;}</style><div class='hg-wrapper'><header style='grid-area:header; background:lightgrey;'>Header</header><nav style='grid-area:nav; background:lightblue;'>Nav</nav><main style='grid-area:main; background:lightyellow;'>Main</main><aside style='grid-area:aside; background:lightgreen;'>Aside</aside><footer style='grid-area:footer; background:lightgrey;'>Footer</footer></div>"
"फ्लेक्सबॉक्स से एक लॉगइन फॉर्म को पेज के बीचों-बीच रखो","<div style='display: flex; justify-content: center; align-items: center; height: 200px; background: #f0f0f0;'><form style='padding: 20px; border: 1px solid black;'><h2>Login</h2><input type='text' placeholder='Username'><br><br><input type='password' placeholder='Password'><br><br><button>Submit</button></form></div>"
"एक फॉर्म को लेबल और इनपुट के लिए दो कॉलम वाले ग्रिड में व्यवस्थित करो","<form style='display: grid; grid-template-columns: auto 1fr; gap: 10px; align-items: center;'><label for='name'>Name:</label><input type='text' id='name'><label for='email'>Email:</label><input type='email' id='email'></form>"
"`auto-fit` का उपयोग करके एक रिस्पॉन्सिव ग्रिड बनाओ","<div style='display: grid; grid-template-columns: repeat(auto-fit, minmax(100px, 1fr)); gap: 10px;'><div style='background:lightblue; padding:10px;'>1</div><div style='background:lightblue; padding:10px;'>2</div><div style='background:lightblue; padding:10px;'>3</div><div style='background:lightblue; padding:10px;'>4</div></div>"
"`auto-fill` का उपयोग करके एक रिस्पॉन्सिव ग्रिड बनाओ","<div style='display: grid; grid-template-columns: repeat(auto-fill, minmax(100px, 1fr)); gap: 10px;'><div style='background:lightcoral; padding:10px;'>1</div><div style='background:lightcoral; padding:10px;'>2</div><div style='background:lightcoral; padding:10px;'>3</div><div style='background:lightcoral; padding:10px;'>4</div></div>"
"एक div में आइटम को दाईं ओर और वर्टिकली सेंटर में रखो","<div style='display: flex; justify-content: flex-end; align-items: center; height: 100px; border: 1px solid;'>Item at Right & Middle</div>"
"ग्रिड में रो और कॉलम के लिए अलग-अलग गैप सेट करो","<div style='display: grid; grid-template-columns: 1fr 1fr; row-gap: 20px; column-gap: 5px;'><div style='background:lightgrey;'>1</div><div style='background:lightgrey;'>2</div><div style='background:lightgrey;'>3</div><div style='background:lightgrey;'>4</div></div>"
"कई लाइनों वाले फ्लेक्स कंटेनर में कंटेंट को सेंटर करो","<div style='display: flex; flex-wrap: wrap; height: 150px; align-content: center; border: 1px solid;'><div style='width: 50px; height: 30px; background: lightblue; margin: 5px;'>1</div><div style='width: 50px; height: 30px; background: lightblue; margin: 5px;'>2</div><div style='width: 50px; height: 30px; background: lightblue; margin: 5px;'>3</div><div style='width: 50px; height: 30px; background: lightblue; margin: 5px;'>4</div></div>"
"ग्रिड कंटेनर में कंटेंट को 'space-between' से व्यवस्थित करो","<div style='display: grid; height: 200px; grid-template-columns: 1fr 1fr; align-content: space-between; border: 1px solid;'><div style='background:lightblue;'>1</div><div style='background:lightblue;'>2</div><div style='background:lightblue;'>3</div><div style='background:lightblue;'>4</div></div>"
"फ्लेक्सबॉक्स से एक वर्टिकल नेविगेशन मेन्यू बनाओ","<nav style='display: flex; flex-direction: column; width: 100px; border: 1px solid;'><a href='#' style='padding: 10px; border-bottom: 1px solid #ddd;'>Home</a><a href='#' style='padding: 10px; border-bottom: 1px solid #ddd;'>About</a><a href='#' style='padding: 10px;'>Contact</a></nav>"
"ग्रिड का उपयोग करके आइटम्स को एक दूसरे के ऊपर ओवरलैप करो","<div style='display: grid; grid-template-columns: repeat(2, 1fr); grid-template-rows: repeat(2, 50px);'><div style='grid-column: 1 / 3; grid-row: 1 / 3; background: lightblue; opacity: 0.7;'>Back Layer</div><div style='grid-column: 2 / 3; grid-row: 2 / 3; background: coral;'>Front Layer</div></div>"
"एक इमेज को बिना खींचे div में फिट करो","<div style='width: 150px; height: 100px; border: 1px solid;'><img src='image.jpg' alt='fit image' style='width: 100%; height: 100%; object-fit: cover;'></div>"
"फ्लेक्सबॉक्स से एक फुटर बनाओ जिसमें तीन कॉलम हों","<footer style='display: flex; justify-content: space-around; background: #333; color: white; padding: 20px;'><div><h3>Column 1</h3><p>Info 1</p></div><div><h3>Column 2</h3><p>Info 2</p></div><div><h3>Column 3</h3><p>Info 3</p></div></footer>"
"`calc()` का उपयोग करके एक फ्लेक्सिबल साइडबार लेआउट बनाओ","<div style='display: flex;'><div style='flex-basis: 150px; background: lightgrey;'>Sidebar</div><div style='flex-basis: calc(100% - 150px); background: lightyellow;'>Main Content</div></div>"
"`auto-flow: dense` का उपयोग करके ग्रिड के खाली स्थानों को भरो","<style>.dense-grid{display:grid; grid-template-columns: repeat(auto-fit, minmax(60px, 1fr)); grid-auto-rows: 40px; grid-auto-flow: dense; gap: 5px;}</style><div class='dense-grid'><div style='grid-column: span 2; background: lightblue;'>1</div><div style='background: lightblue;'>2</div><div style='background: lightblue;'>3</div><div style='grid-column: span 2; background: lightblue;'>4</div></div>"
"एक div बनाओ जिसका आस्पेक्ट रेश्यो 16/9 हो","<div style='width: 50%; aspect-ratio: 16 / 9; background: lightgrey;'><p style='text-align:center; padding-top: 20%;'>16:9 Aspect Ratio</p></div>"
"`clamp()` का उपयोग करके एक रिस्पॉन्सिव फॉन्ट साइज़ बनाओ","<h1 style='font-size: clamp(1.5rem, 5vw, 3rem);'>This is a Fluid Responsive Title</h1>"
"ग्रिड लेआउट के अंदर फ्लेक्सबॉक्स का उपयोग करो","<div style='display: grid; grid-template-columns: 1fr 1fr; gap:10px;'><div style='display: flex; justify-content: center; align-items: center; background: lightblue;'>Flexbox Inside Grid</div><div style='background: lightcoral;'>Grid Cell 2</div></div>"
"एक div को ग्रिड कंटेनर बनाओ","<div style='display: grid; border: 1px solid; min-height: 50px; padding: 5px;'>Grid Container</div>"
"तीन बराबर चौड़ाई वाले कॉलम का ग्रिड बनाओ","<div style='display: grid; grid-template-columns: 1fr 1fr 1fr; gap: 10px;'><div style='background: lightblue; padding: 5px;'>1</div><div style='background: lightblue; padding: 5px;'>2</div><div style='background: lightblue; padding: 5px;'>3</div></div>"
"दो कॉलम का ग्रिड बनाओ, पहला 100px और दूसरा 200px चौड़ा","<div style='display: grid; grid-template-columns: 100px 200px; gap: 10px;'><div style='background: lightcoral; padding: 5px;'>100px</div><div style='background: lightcoral; padding: 5px;'>200px</div></div>"
"दो रो का ग्रिड बनाओ, पहली 50px और दूसरी 100px ऊंची","<div style='display: grid; grid-template-rows: 50px 100px; gap: 10px;'><div style='background: lightgreen;'>50px tall</div><div style='background: lightgreen;'>100px tall</div></div>"
"ग्रिड आइटम्स के बीच 20px का गैप डालो","<div style='display: grid; grid-template-columns: 1fr 1fr; gap: 20px;'><div style='background: lightgrey;'>1</div><div style='background: lightgrey;'>2</div><div style='background: lightgrey;'>3</div><div style='background: lightgrey;'>4</div></div>"
"एक आइटम को पहले कॉलम से शुरू करके तीसरे कॉलम तक फैलाओ","<div style='display: grid; grid-template-columns: 1fr 1fr 1fr; gap: 10px;'><div style='grid-column-start: 1; grid-column-end: 3; background: lightblue;'>Spans first two columns</div><div style='background: lightgrey;'>3</div></div>"
"एक आइटम को पहली रो से शुरू करके तीसरी रो तक फैलाओ","<div style='display: grid; grid-template-columns: 1fr 1fr; grid-template-rows: 50px 50px 50px; gap: 10px;'><div style='grid-row-start: 1; grid-row-end: 3; background: lightcoral;'>Spans first two rows</div><div style='background: lightgrey;'>B</div><div style='background: lightgrey;'>C</div><div style='background: lightgrey;'>D</div></div>"
"ग्रिड कॉलम शॉर्टहैंड का उपयोग करके एक आइटम को 2 कॉलम तक फैलाओ","<div style='display: grid; grid-template-columns: repeat(3, 1fr); gap: 10px;'><div style='grid-column: 1 / 3; background: lightgreen;'>Spans from line 1 to 3</div><div style='background: lightgrey;'>3</div></div>"
"ग्रिड रो शॉर्टहैंड का उपयोग करके एक आइटम को 2 रो तक फैलाओ","<div style='display: grid; grid-template-columns: 1fr 1fr; grid-template-rows: repeat(3, 50px); gap: 10px;'><div style='grid-row: 1 / 3; background: lightgoldenrodyellow;'>Spans from row line 1 to 3</div><div style='background: lightgrey;'>B</div><div style='background: lightgrey;'>C</div><div style='background: lightgrey;'>D</div></div>"
"एक आइटम को दूसरी रो और तीसरे कॉलम में रखो","<div style='display: grid; grid-template-columns: repeat(3, 1fr); grid-template-rows: repeat(2, 50px); gap: 5px;'><div style='grid-row: 2; grid-column: 3; background: violet; color: white;'>Item at 2/3</div></div>"
"ग्रिड एरिया का उपयोग करके एक हेडर, मेन और फुटर लेआउट बनाओ","<style>.wrapper{display:grid; grid-template-areas: 'header' 'main' 'footer'; gap: 5px;}.h{grid-area:header; background:lightgrey;}.m{grid-area:main;}.f{grid-area:footer; background:lightgrey;}</style><div class='wrapper'><header class='h'>Header</header><main class='m'>Main Content</main><footer class='f'>Footer</footer></div>"
"ग्रिड में ऑटोमेटिकली बनने वाली रो की ऊंचाई 100px सेट करो","<div style='display: grid; grid-template-columns: 1fr 1fr; grid-auto-rows: 100px; gap: 10px;'><div style='background: lightblue;'>1</div><div style='background: lightblue;'>2</div><div style='background: lightblue;'>3 (new row, 100px tall)</div></div>"
"ग्रिड में ऑटोमेटिकली बनने वाले कॉलम की चौड़ाई 100px सेट करो","<div style='display: grid; grid-auto-flow: column; grid-auto-columns: 100px; gap: 10px;'><div style='background: lightcoral;'>1</div><div style='background: lightcoral;'>2</div></div>"
"repeat फंक्शन का उपयोग करके बराबर चौड़ाई वाले 4 कॉलम का ग्रिड बनाओ","<div style='display: grid; grid-template-columns: repeat(4, 1fr); gap: 10px;'><div style='background: lightgrey;'>1</div><div style='background: lightgrey;'>2</div><div style='background: lightgrey;'>3</div><div style='background: lightgrey;'>4</div></div>"
"minmax फंक्शन से एक फ्लेक्सिबल ग्रिड कॉलम बनाओ जो 100px से छोटा न हो","<div style='display: grid; grid-template-columns: minmax(100px, 25%) 1fr; gap: 10px;'><div style='background: lightgreen;'>At least 100px</div><div style='background: lightgrey;'>Flexible</div></div>"
"ग्रिड सेल के अंदर आइटम्स को हॉरिजॉन्टली सेंटर करो","<div style='display: grid; grid-template-columns: 150px; justify-items: center; border: 1px solid;'><div style='background: lightblue;'>Centered</div></div>"
"ग्रिड सेल के अंदर आइटम्स को वर्टिकली सेंटर करो","<div style='display: grid; grid-template-rows: 100px; align-items: center; border: 1px solid;'><div style='background: lightcoral;'>Middle</div></div>"
"ग्रिड सेल के अंदर आइटम्स को पूरी तरह से सेंटर करो","<div style='display: grid; grid-template-rows: 100px; place-items: center; border: 1px solid;'><div style='background: lightgreen;'>Center & Middle</div></div>"
"नाम वाली ग्रिड लाइन्स का उपयोग करके एक आइटम को रखो","<style>.grid-container{display:grid; grid-template-columns: [col1-start] 1fr [col2-start] 1fr [col2-end];}</style><div class='grid-container'><div style='grid-column: col1-start / col2-end;'>Spans across named lines</div></div>"
"एक ग्रिड के अंदर दूसरा ग्रिड बनाओ (नेस्टेड ग्रिड)","<div style='display: grid; grid-template-columns: 1fr 1fr; gap: 10px;'><div style='background: lightgrey; padding:5px;'>A</div><div style='display: grid; grid-template-columns: 1fr 1fr; gap: 5px; background: lightblue; padding:5px;'><div style='background: navy; color: white;'>B1</div><div style='background: navy; color: white;'>B2</div></div></div>"
"एक div को फ्लेक्स कंटेनर बनाओ","<div style='display: flex; border: 1px solid; min-height: 50px;'></div>"
"एक फ्लेक्स कंटेनर बनाओ जिसमें आइटम एक रो में हों","<div style='display: flex; border: 1px solid;'><div style='padding: 10px;'>One</div><div style='padding: 10px;'>Two</div><div style='padding: 10px;'>Three</div></div>"
"एक फ्लेक्स कंटेनर बनाओ जिसमें आइटम एक कॉलम में हों","<div style='display: flex; flex-direction: column; border: 1px solid;'><div style='padding: 10px;'>One</div><div style='padding: 10px;'>Two</div></div>"
"फ्लेक्स आइटम्स को हॉरिजॉन्टली सेंटर करो","<div style='display: flex; justify-content: center; border: 1px solid;'><div style='padding: 10px;'>Centered</div></div>"
"फ्लेक्स आइटम्स को हॉरिजॉन्टली दाईं ओर रखो","<div style='display: flex; justify-content: flex-end; border: 1px solid;'><div style='padding: 10px;'>Right Side</div></div>"
"फ्लेक्स आइटम्स के बीच में बराबर जगह डालो","<div style='display: flex; justify-content: space-between; border: 1px solid; padding: 5px;'><div style='background: lightblue;'>Left</div><div style='background: lightgreen;'>Right</div></div>"
"फ्लेक्स आइटम्स के चारों ओर बराबर जगह डालो","<div style='display: flex; justify-content: space-around; border: 1px solid; padding: 5px;'><div style='background: lightblue;'>One</div><div style='background: lightgreen;'>Two</div></div>"
"फ्लेक्स आइटम्स को वर्टिकली सेंटर करो","<div style='display: flex; align-items: center; height: 100px; border: 1px solid;'><div style='padding: 10px;'>Middle</div></div>"
"फ्लेक्स आइटम्स को वर्टिकली टॉप पर रखो","<div style='display: flex; align-items: flex-start; height: 100px; border: 1px solid;'><div style='padding: 10px;'>Top</div></div>"
"फ्लेक्स आइटम्स को वर्टिकली बॉटम पर रखो","<div style='display: flex; align-items: flex-end; height: 100px; border: 1px solid;'><div style='padding: 10px;'>Bottom</div></div>"
"एक आइटम को हॉरिजॉन्टली और वर्टिकली, दोनों तरह से सेंटर करो","<div style='display: flex; justify-content: center; align-items: center; height: 100px; border: 1px solid;'><div style='padding: 10px;'>Perfectly Centered</div></div>"
"फ्लेक्स आइटम्स को रैप (wrap) करो ताकि वे छोटी स्क्रीन पर अगली लाइन में चले जाएँ","<div style='display: flex; flex-wrap: wrap; border: 1px solid;'><div style='padding: 10px; width: 100px;'>Item 1</div><div style='padding: 10px; width: 100px;'>Item 2</div><div style='padding: 10px; width: 100px;'>Item 3</div></div>"
"फ्लेक्स आइटम्स के बीच 10px का गैप डालो","<div style='display: flex; gap: 10px; border: 1px solid;'><div style='background: lightblue; padding: 10px;'>One</div><div style='background: lightgreen; padding: 10px;'>Two</div></div>"
"एक फ्लेक्स आइटम बनाओ जो बची हुई सारी जगह ले ले","<div style='display: flex; border: 1px solid;'><div style='padding: 10px;'>Fixed</div><div style='padding: 10px; flex-grow: 1; background: lightgrey;'>This item grows to fill remaining space</div></div>"
"एक फ्लेक्स आइटम की शुरुआती चौड़ाई 150px सेट करो","<div style='display: flex; border: 1px solid;'><div style='flex-basis: 150px; background: lightblue;'>I am 150px wide</div><div style='flex-grow: 1; background: lightgrey;'>I take the rest</div></div>"
"फ्लेक्स शॉर्टहैंड का उपयोग करके एक फ्लेक्सिबल आइटम बनाओ","<div style='display: flex; border: 1px solid;'><div style='flex: 1 1 150px; padding: 10px;'>Flexible Item</div><div style='flex: 1 1 150px; padding: 10px;'>Another Flexible Item</div></div>"
"फ्लेक्स आइटम्स का क्रम बदलो, दूसरे को पहले दिखाओ","<div style='display: flex; border: 1px solid;'><div style='padding: 10px; order: 2;'>Item One (but shows second)</div><div style='padding: 10px; order: 1;'>Item Two (but shows first)</div></div>"
"सिर्फ एक आइटम को वर्टिकली बॉटम में रखो, बाकी को टॉप पर","<div style='display: flex; align-items: flex-start; height: 100px; border: 1px solid;'><div style='padding: 10px;'>Top 1</div><div style='padding: 10px; align-self: flex-end;'>Bottom</div><div style='padding: 10px;'>Top 2</div></div>"
"फ्लेक्सबॉक्स का उपयोग करके एक साधारण नेविगेशन बार बनाओ","<nav style='display: flex; justify-content: space-between; background: #333; padding: 10px;'><a href='#' style='color: white;'>Logo</a><div><a href='#' style='color: white; margin-left: 15px;'>Home</a><a href='#' style='color: white; margin-left: 15px;'>About</a></div></nav>"
"फ्लेक्स आइटम्स को उल्टे क्रम में (रो में) दिखाओ","<div style='display: flex; flex-direction: row-reverse; border: 1px solid;'><div style='padding: 10px;'>First</div><div style='padding: 10px;'>Second</div><div style='padding: 10px;'>Third</div></div>"

"CSS से एक div के अंदर सिर्फ पैराग्राफ को स्टाइल करो","<style>div > p { color: blue; }</style><div><p>This is blue.</p><span><p>This is not blue.</p></span></div>"
"एक लिंक बनाओ जो होवर करने पर लाल हो जाए","<style>a:hover { color: red; }</style><a href='#'>Hover over me</a>"
"एक बटन बनाओ जो क्लिक करते समय हरा हो जाए","<style>button:active { background-color: green; }</style><button>Click me</button>"
"एक div बनाओ जिसकी पोजीशन रिलेटिव हो","<div style='position: relative; left: 20px; border: 1px solid;'>Relative Position</div>"
"एक div के अंदर दूसरे div को टॉप-लेफ्ट कोने से 10px दूर रखो","<div style='position: relative; width: 100px; height: 100px; border: 1px solid;'><div style='position: absolute; top: 10px; left: 10px; background: red;'>Absolute</div></div>"
"एक हेडर बनाओ जो स्क्रॉल करने पर भी टॉप पर फिक्स रहे","<div style='position: fixed; top: 0; left: 0; width: 100%; padding: 5px; background: lightgrey;'>Fixed Header</div>"
"दो div बनाओ जिसमें लाल वाला div नीले वाले के ऊपर दिखे","<div style='position: absolute; top: 10px; left: 10px; width: 50px; height: 50px; background: blue; z-index: 1;'></div><div style='position: absolute; top: 20px; left: 20px; width: 50px; height: 50px; background: red; z-index: 2;'></div>"
"एक छोटे div के अंदर ज़्यादा टेक्स्ट डालो ताकि स्क्रॉलबार दिखे","<div style='width: 100px; height: 50px; overflow: scroll; border: 1px solid;'>This is a lot of text inside a small div that will cause a scrollbar to appear.</div>"
"एक छोटे div के अंदर ज़्यादा टेक्स्ट डालो और जो बाहर निकले उसे छिपा दो","<div style='width: 100px; height: 50px; overflow: hidden; border: 1px solid;'>This is a lot of text inside a small div but you will only see a part of it.</div>"
"!important का उपयोग करके एक स्टाइल को ओवरराइड करो","<style>.blue {color: blue !important;}</style><p class='blue' style='color: red;'>This text will be blue.</p>"
"h1 और h2 दोनों को एक साथ लाल रंग का करो","<style>h1, h2 { color: red; }</style><h1>Red H1</h1><h2>Red H2</h2><p>Normal text.</p>"
"एक div बनाओ जिस पर होवर करने पर 'help' कर्सर दिखे","<div style='cursor: help; border: 1px solid;'>Hover here to see the help cursor</div>"
"दो span एलिमेंट्स बनाओ जो एक ही लाइन में दिखें","<span style='border: 1px solid; padding: 2px;'>Hello</span> <span style='border: 1px solid; padding: 2px;'>World</span>"
"दो span एलिमेंट्स बनाओ जो अलग-अलग लाइन में दिखें","<span style='display: block; border: 1px solid;'>Hello</span><span style='display: block; border: 1px solid;'>World</span>"
"एक पैराग्राफ बनाओ जो दिखाई न दे","<p style='display: none;'>You cannot see me.</p>"
"एक पैराग्राफ बनाओ जो दिखाई न दे लेकिन अपनी जगह घेरे","<p style='visibility: hidden;'>I am hidden but still take up space.</p>"
"CSS कोड के अंदर एक कमेंट लिखो","<style>/* This is a single-line CSS comment */ p { color: green; }</style>"
"एक लिंक बनाओ जो visit करने के बाद हरा हो जाए","<style>a:visited { color: green; }</style><a href='#'>Click this link and I will turn green</a>"
"एक 50px का लाल स्क्वायर बनाओ जो स्क्रीन के बॉटम-राइट कोने में हो","<div style='position: fixed; bottom: 10px; right: 10px; width: 50px; height: 50px; background: red;'></div>"
"एक इनपुट फील्ड बनाओ जिस पर फोकस करने पर उसका बॉर्डर पीला हो जाए","<style>input:focus { border: 2px solid yellow; }</style><input type='text' placeholder='Click on me'>"
"एक div बनाओ जिसमें चारों तरफ से 20px की पैडिंग हो","<div style='padding: 20px; border: 1px solid;'>Content with 20px padding.</div>"
"एक div बनाओ जिसमें ऊपर-नीचे 10px और दाएं-बाएं 30px की पैडिंग हो","<div style='padding: 10px 30px; border: 1px solid;'>Padding top/bottom 10px, left/right 30px.</div>"
"एक div बनाओ जिसमें सिर्फ टॉप से 25px की पैडिंग हो","<div style='padding-top: 25px; border: 1px solid;'>Content with only top padding.</div>"
"एक div बनाओ जिसके चारों तरफ 20px का मार्जिन हो","<div style='margin: 20px; border: 1px solid; background: lightgrey;'>This div has 20px margin around it.</div>"
"एक 50% चौड़ाई वाले div को पेज के सेंटर में करो","<div style='width: 50%; margin: auto; border: 1px solid;'>This div is centered.</div>"
"एक div बनाओ जिसके सिर्फ बाईं ओर 40px का मार्जिन हो","<div style='margin-left: 40px; border: 1px solid;'>This div has a left margin of 40px.</div>"
"एक 3px मोटा, सॉलिड, नीला बॉर्डर बनाओ","<div style='border: 3px solid blue; padding: 10px;'>This div has a solid blue border.</div>"
"एक div बनाओ जिसके सभी कोने 10px तक गोल हों","<div style='border: 1px solid black; border-radius: 10px; padding: 10px;'>Rounded Corners</div>"
"एक 100px का स्क्वायर div बनाओ जो पूरी तरह से गोल दिखे","<div style='width: 100px; height: 100px; border-radius: 50%; background-color: coral;'></div>"
"एक 100px चौड़ा div बनाओ जिसमें 20px की पैडिंग और 5px का बॉर्डर शामिल हो","<div style='width: 100px; padding: 20px; border: 5px solid black; box-sizing: border-box;'>Box Sizing Example</div>"
"एक CSS क्लास '.highlight' बनाओ जिसका बैकग्राउंड पीला हो","<style>.highlight { background-color: yellow; }</style>"
"एक पैराग्राफ बनाओ जिस पर 'highlight' क्लास लगी हो","<style>.highlight { background-color: yellow; }</style><p class='highlight'>This paragraph is highlighted using a class.</p>"
"एक div बनाओ जिस पर 'box' और 'blue-text' दो क्लास लगी हों","<style>.box { border: 1px solid; } .blue-text { color: blue; }</style><div class='box blue-text'>Multiple classes example</div>"
"एक div बनाओ जो स्क्रीन की 80% चौड़ाई ले","<div style='width: 80%; border: 1px solid; margin:auto;'>This div has 80% width.</div>"
"एक div बनाओ जिसकी अधिकतम चौड़ाई 500px हो","<div style='max-width: 500px; margin: auto; border: 1px solid;'>This div's max-width is 500px.</div>"
"एक div बनाओ जिसकी न्यूनतम ऊंचाई 100px हो","<div style='min-height: 100px; border: 1px solid;'>This div's min-height is 100px.</div>"
"एक बटन बनाओ जिसके चारों ओर 2px की नीली आउटलाइन हो","<button style='outline: 2px dotted blue; border: 1px solid;'>Button with Outline</button>"
"एक div बनाओ जिसके नीचे परछाई (box shadow) हो","<div style='padding: 10px; box-shadow: 0 4px 8px 0 rgba(0,0,0,0.2); border: 1px solid #ddd;'>Box with Shadow</div>"
"एक 200px चौड़ा div बनाओ जिसमें 15px पैडिंग और 10px मार्जिन हो","<div style='width: 200px; padding: 15px; margin: 10px; border: 1px solid red; box-sizing: border-box;'>All in one box</div>"
"एक h1 बनाओ जिसकी आईडी 'main-title' हो और CSS से उसका रंग मैजेंटा करो","<style>#main-title { color: magenta; }</style><h1 id='main-title'>Main Title Styled with ID</h1>"

"एक पैराग्राफ बनाओ जिसका टेक्स्ट लाल रंग का हो","<p style='color: red;'>This is red text.</p>"
"एक h1 बनाओ जिसका बैकग्राउंड पीला हो","<h1 style='background-color: yellow;'>Yellow Background Heading</h1>"
"एक पैराग्राफ बनाओ जिसका फॉन्ट साइज़ 20 पिक्सल हो","<p style='font-size: 20px;'>This text is 20 pixels high.</p>"
"एक पैराग्राफ बनाओ जिसका फॉन्ट 'Arial' हो","<p style='font-family: Arial, sans-serif;'>This paragraph is in Arial font.</p>"
"एक h2 हेडिंग बनाओ जो सेंटर में अलाइन हो","<h2 style='text-align: center;'>Centered Heading</h2>"
"एक पैराग्राफ बनाओ जो दाईं ओर अलाइन हो","<p style='text-align: right;'>This text is right-aligned.</p>"
"एक टेक्स्ट बनाओ जिसे CSS से अंडरलाइन किया गया हो","<p style='text-decoration: underline;'>Underlined with CSS.</p>"
"एक टेक्स्ट बनाओ जिसे बीच से काटा गया हो (line-through)","<p style='text-decoration: line-through;'>Strikethrough text.</p>"
"एक पैराग्राफ बनाओ जो नीला हो और सेंटर में हो","<p style='color: blue; text-align: center;'>Blue and centered text.</p>"
"CSS का उपयोग करके टेक्स्ट को बोल्ड करो","<p style='font-weight: bold;'>This text is bold using CSS.</p>"
"CSS का उपयोग करके टेक्स्ट को इटैलिक करो","<p style='font-style: italic;'>This text is italic using CSS.</p>"
"एक 100 पिक्सल चौड़ा और 50 पिक्सल ऊँचा div बनाओ","<div style='width: 100px; height: 50px; border: 1px solid black;'></div>"
"एक टेक्स्ट बनाओ जिसके अक्षरों के बीच में ज़्यादा जगह हो","<p style='letter-spacing: 3px;'>Wide letter spacing.</p>"
"एक टेक्स्ट बनाओ जिसके शब्दों के बीच में ज़्यादा जगह हो","<p style='word-spacing: 10px;'>Wide word spacing.</p>"
"एक टेक्स्ट बनाओ जो पूरा अपरकेस में हो","<p style='text-transform: uppercase;'>this will be uppercase.</p>"
"एक टेक्स्ट बनाओ जिसका हर शब्द कैपिटल हो","<p style='text-transform: capitalize;'>each word is capitalized.</p>"
"एक div बनाओ जिसका बैकग्राउंड हल्का नीला हो और अंदर 15px की पैडिंग हो","<div style='background-color: lightblue; padding: 15px;'>This div has padding.</div>"
"एक div बनाओ जिसका बॉर्डर डॉटेड (dotted) हो","<div style='border: 2px dotted red; padding: 5px;'>Dotted Border</div>"
"एक div बनाओ जिसका बॉर्डर डैशेड (dashed) हो","<div style='border: 2px dashed blue; padding: 5px;'>Dashed Border</div>"
"एक h1 बनाओ जो 50% पारदर्शी (transparent) हो","<h1 style='opacity: 0.5;'>Faded Heading</h1>"

"एक नीला बटन बनाओ जिस पर 'Click Here' लिखा हो","<button style='background-color: blue; color: white;'>Click Here</button>"
"एक पैराग्राफ जिसमें 'Hello World' लिखा हो","<p>Hello World</p>"
"एक तस्वीर लगाओ जो 'cat.jpg' दिखाती हो","<img src='cat.jpg' alt='A cat picture'>"
"एक h2 हेडिंग जिसका रंग हरा हो","<h2 style='color: green;'>Green Heading</h2>"
"तीन आइटम वाली एक नंबर वाली लिस्ट बनाओ","<ol><li>First</li><li>Second</li><li>Third</li></ol>"
"एक बड़ा पैराग्राफ बनाओ जिसका फॉन्ट साइज़ 18px हो","<p style='font-size: 18px;'>This is a larger paragraph.</p>"
"एक टेक्स्ट इनपुट फील्ड बनाओ जिसमें पहले से 'Enter your name' लिखा हो","<input type='text' placeholder='Enter your name'>"
"एक चेकबॉक्स बनाओ जो पहले से चेक्ड हो","<input type='checkbox' checked>"
"एक लाल रंग का डिवाइडर (horizontal line) बनाओ","<hr style='border-color: red;'>"
"एक टेबल बनाओ जिसमें दो हेडिंग 'Name' और 'Age' हों","<table><tr><th>Name</th><th>Age</th></tr></table>"
"एक ड्रॉपडाउन मेन्यू बनाओ जिसमें 'Car', 'Bike', 'Bus' के ऑप्शन हों","<select><option>Car</option><option>Bike</option><option>Bus</option></select>"
"एक पासवर्ड इनपुट फील्ड बनाओ","<input type='password' placeholder='Enter password'>"
"एक div बनाओ जिसका बैकग्राउंड हल्का ग्रे हो","<div style='background-color: #f0f0f0; padding: 10px;'>This is a grey div.</div>"
"एक बटन बनाओ जिस पर क्लिक करने पर एक अलर्ट आए","<button onclick=""alert('Hello!')"">Click for Alert</button>"
"टेक्स्ट को इटैलिक (तिरछा) करो","<i>This text is italic.</i>"
"एक नंबर इनपुट फील्ड बनाओ","<input type='number'>"
"एक ईमेल इनपुट फील्ड बनाओ","<input type='email' placeholder='your@email.com'>"
"एक div बनाओ जिसके कोने गोल (rounded corners) हों","<div style='border: 1px solid black; border-radius: 8px; padding: 10px;'>Rounded corners</div>"
"एक पैराग्राफ बनाओ जिसका टेक्स्ट सेंटर में हो","<p style='text-align: center;'>This text is centered.</p>"
"एक सबमिट बटन बनाओ जिसका बैकग्राउंड हरा हो","<input type='submit' style='background-color: green; color: white;'>"
"एक बड़ा टेक्स्ट एरिया बनाओ जिसमें यूज़र कई लाइनें लिख सके","<textarea rows='4' cols='50'></textarea>"
"एक लिंक बनाओ जो एक नए टैब में खुले","<a href='https://google.com' target='_blank'>Open Google in New Tab</a>"
"टेक्स्ट को अंडरलाइन करो","<u>This is underlined text.</u>"
"एक जावास्क्रिप्ट कोड लिखो जो आज की तारीख दिखाए","<p id='date'></p><script>document.getElementById('date').innerHTML = new Date();</script>"
"एक div बनाओ जिस पर माउस ले जाने पर उसका रंग लाल हो जाए","<style>#hoverDiv:hover { color: red; }</style><div id='hoverDiv'>Hover over me!</div>"
"तीन ऑप्शन वाले रेडियो बटन बनाओ","<input type='radio' name='gender' value='male'> Male <input type='radio' name='gender' value='female'> Female <input type='radio' name='gender' value='other'> Other"
"एक तारीख चुनने वाला इनपुट फील्ड बनाओ","<input type='date'>"
"एक नेविगेशन सेक्शन के लिए HTML टैग बनाओ","<nav><ul><li>Home</li><li>About</li><li>Contact</li></ul></nav>"
"वेबसाइट के लिए एक फुटर बनाओ","<footer><p>Copyright © 2025 My Website</p></footer>"
"एक div बनाओ जिसके चारों ओर बॉक्स-शैडो हो","<div style='padding: 15px; box-shadow: 5px 5px 10px #888888;'>This is a shadow box.</div>"
"एक div बनाओ जिसका बैकग्राउंड लाल से पीले रंग का ग्रेडिएंट हो","<div style='height: 100px; background-image: linear-gradient(red, yellow);'></div>"
"एक बटन बनाओ जो होवर करने पर धीरे-धीरे बड़ा हो","<style>.g-btn:hover { transform: scale(1.1); } .g-btn { transition: transform 0.2s; }</style><button class='g-btn'>Grow Button</button>"
"एक इनपुट और बटन बनाओ जो इनपुट की वैल्यू का अलर्ट दिखाए","<input id='myText' type='text' value='Hello'><button onclick=""alert(document.getElementById('myText').value)"">Show Value</button>"
"एक पैराग्राफ और बटन बनाओ जो पैराग्राफ का रंग बदल दे","<p id='myPara'>Some text here.</p><button onclick=""document.getElementById('myPara').style.color='blue'"">Change Color</button>"
"एक 'Details' टैग बनाओ जिसे खोला और बंद किया जा सके","<details><summary>Show More</summary><p>This is the hidden information.</p></details>"
"एक आधी पारदर्शी (semi-transparent) तस्वीर बनाओ","<img src='my_image.png' alt='transparent image' style='opacity: 0.5;'>"
"एक वीडियो प्लेयर बनाओ जिसके कंट्रोल दिखें","<video width='320' height='240' controls><source src='movie.mp4' type='video/mp4'></video>"
"CSS का इस्तेमाल करके टेक्स्ट को मोटा (bold) करो","<p style='font-weight: bold;'>This text is bold.</p>"
"एक h1 और बटन बनाओ जो h1 को छिपा दे","<h1 id='textToHide'>Hide this text</h1><button onclick=""document.getElementById('textToHide').style.display='none'"">Hide</button>"
"एक छिपा हुआ टेक्स्ट और बटन बनाओ जो टेक्स्ट को दिखाए","<p id='textToShow' style='display:none;'>Hidden text.</p><button onclick=""document.getElementById('textToShow').style.display='block'"">Show</button>"
"एक कोटेशन के लिए blockquote टैग का इस्तेमाल करो","<blockquote>This is a long quotation block. It is often indented.</blockquote>"
"एक div बनाओ जिस पर माउस ले जाने पर कर्सर पॉइंटर बन जाए","<div style='cursor: pointer; border: 1px solid black;'>Hover here to see pointer</div>"
"एक फॉर्म के लिए 'रीसेट' बटन बनाओ","<form><input type='text' value='some text'><input type='reset'></form>"
"जावास्क्रिप्ट में एक फंक्शन बनाओ जो एक नाम लेकर ग्रीटिंग मैसेज लौटाए","<script>function greet(name) { return 'Hello, ' + name; }</script>"
"एक पैराग्राफ बनाओ जिसके सभी अक्षर बड़े (UPPERCASE) हों","<p style='text-transform: uppercase;'>This text will be in uppercase.</p>"
"एक टेबल बनाओ जिसमें एक हेडर दो कॉलम तक फैला हो","<table><tr><th colspan='2'>Name</th></tr><tr><td>Amit</td><td>Saka</td></tr></table>"
"एक रेंज स्लाइडर बनाओ जो 0 से 100 तक जाए","<input type='range' min='0' max='100'>"
"CSS से उन सभी इनपुट को स्टाइल करो जिनका type 'text' हो","<style>input[type='text'] { border: 2px solid blue; }</style><input type='text'><input type='password'>"
"एक बटन बनाओ जो हर क्लिक पर एक नंबर बढ़ाए","<p>Count: <span id='count'>0</span></p><button onclick=""document.getElementById('count').innerText = parseInt(document.getElementById('count').innerText) + 1"">Add 1</button>"
"एक ब्लॉग पोस्ट के लिए article टैग बनाओ","<article><h2>Blog Title</h2><p>This is the content of the blog post.</p></article>"
"एक h1 बनाओ जिसमें टेक्स्ट के नीचे परछाई (shadow) हो","<h1 style='text-shadow: 2px 2px 4px #000000;'>Shadow Text</h1>"
"एक तस्वीर और बटन बनाओ जो क्लिक करने पर तस्वीर बदल दे","<img id='myImage' src='pic_a.jpg' width='100'><button onclick=""document.getElementById('myImage').src='pic_b.jpg'"">Change Image</button>"
"एक साइडबार के लिए aside टैग का इस्तेमाल करो","<aside><h4>Related Articles</h4><p>An interesting article.</p></aside>"
"एक Flexbox कंटेनर बनाओ जिसमें आइटम्स के बीच में बराबर जगह हो","<div style='display: flex; justify-content: space-between; border: 1px solid;'><p>Left</p><p>Center</p><p>Right</p></div>"
"एक टेक्स्ट इनपुट बनाओ जिसे भरना ज़रूरी (required) हो","<form><input type='text' required><input type='submit'></form>"
"एक ऑडियो प्लेयर बनाओ जो 'song.mp3' चलाए","<audio controls><source src='song.mp3' type='audio/mpeg'></audio>"
"एक बटन बनाओ जो एक टेक्स्ट को दिखाए और छिपाए (toggle)","<p id='toggleText'>Click the button to toggle me.</p><button onclick=""var x = document.getElementById('toggleText'); x.style.display = (x.style.display === 'none' ? 'block' : 'none');"">Toggle Text</button>"
"एक div के अंदर दूसरे div को टॉप-राइट कोने में रखो","<div style='position: relative; width: 200px; height: 100px; border: 1px solid;'><div style='position: absolute; top: 5px; right: 5px; background: red;'>Corner</div></div>"
"एक डिसेबल्ड बटन बनाओ जिस पर क्लिक न किया जा सके","<button disabled>You can't click me</button>"
"एक बटन बनाओ जो क्लिक करने पर वर्तमान पेज का URL बताए","<button onclick=""alert(window.location.href)"">Show Page URL</button>"
"एक लिस्ट बनाओ जिसके बुलेट्स स्क्वायर (square) हों","<ul style='list-style-type: square;'><li>Apple</li><li>Banana</li></ul>"
"मोबाइल responsive वेबसाइट के लिए viewport meta टैग","<meta name='viewport' content='width=device-width, initial-scale=1.0'>"
"जावास्क्रिप्ट से किसी एलिमेंट की CSS क्लास बदलो","<style>.blue{color:blue;}.red{color:red;}</style><p id='p_class' class='blue'>Hello</p><button onclick=""document.getElementById('p_class').className = 'red'"">Make Red</button>"
"ऑटो-सजेशन के लिए एक datalist इनपुट बनाओ","<label for='browser'>Choose a browser:</label><input list='browsers' id='browser' name='browser'><datalist id='browsers'><option value='Edge'><option value='Firefox'><option value='Chrome'></datalist>"
"CSS एनीमेशन से एक टेक्स्ट बनाओ जो धीरे-धीरे fade in हो","<style>@keyframes fadeIn { from { opacity: 0; } to { opacity: 1; } } .fade-in { animation: fadeIn 2s; }</style><h1 class='fade-in'>I faded in!</h1>"
"वेबसाइट के लिए सबसे बड़ी हेडिंग बनाओ","<h1>This is a Main Heading</h1>"
"एक h2 सब-हेडिंग बनाओ","<h2>This is a Sub-heading</h2>"
"सबसे छोटी हेडिंग के लिए टैग","<h6>This is the smallest heading</h6>"
"एक छोटा सा पैराग्राफ लिखो","<p>This is a simple paragraph of text.</p>"
"टेक्स्ट को बोल्ड करने के लिए टैग","<b>Bold Text</b>"
"टेक्स्ट को इटैलिक करने के लिए टैग","<i>Italic Text</i>"
"टेक्स्ट को अंडरलाइन करने के लिए टैग","<u>Underlined Text</u>"
"महत्वपूर्ण टेक्स्ट के लिए strong टैग का उपयोग करो","<strong>This text is important.</strong>"
"जोर देने वाले टेक्स्ट के लिए em टैग का उपयोग करो","<em>This text is emphasized.</em>"
"गूगल की वेबसाइट का लिंक बनाओ","<a href='https://www.google.com'>Go to Google</a>"
"एक लिंक बनाओ जो नए टैब में खुले","<a href='https://www.google.com' target='_blank'>Google in New Tab</a>"
"एक तस्वीर दिखाने के लिए img टैग बनाओ","<img src='image.png' alt='An example image'>"
"एक 100 पिक्सल चौड़ी तस्वीर लगाओ","<img src='photo.jpg' alt='photo' width='100'>"
"एक हॉरिजॉन्टल लाइन या डिवाइडर बनाओ","<hr>"
"टेक्स्ट के बीच में एक लाइन ब्रेक डालो","Hello<br>World"
"तीन फलों वाली एक बुलेट लिस्ट बनाओ","<ul><li>Apple</li><li>Banana</li><li>Mango</li></ul>"
"तीन शहरों वाली एक नंबर वाली लिस्ट बनाओ","<ol><li>Lucknow</li><li>Delhi</li><li>Mumbai</li></ol>"
"कंटेंट के लिए एक div कंटेनर बनाओ","<div>This is content inside a div.</div>"
"एक वाक्य के अंदर टेक्स्ट को स्टाइल करने के लिए span टैग","<p>This is a <span style='color:red;'>red</span> word.</p>"
"कोड दिखाने के लिए pre टैग का इस्तेमाल करो","<pre><code>function hello() {\n  console.log('Hello, World!');\n}</code></pre>"
"एक साधारण फॉर्म बनाओ","<form action='/submit_page.php'></form>"
"नाम के लिए एक लेबल बनाओ","<label for='name'>Name:</label>"
"फर्स्ट नेम के लिए एक लेबल और टेक्स्ट इनपुट बनाओ","<label for='fname'>First name:</label><br><input type='text' id='fname' name='fname'>"
"एक सबमिट बटन बनाओ जिसका टेक्स्ट 'Register' हो","<input type='submit' value='Register'>"
"एक साधारण टेबल का टैग बनाओ","<table></table>"
"टेबल में एक रो बनाने के लिए टैग","<tr></tr>"
"टेबल में एक हेडर सेल बनाने के लिए टैग","<th>Header Cell</th>"
"टेबल में एक डेटा सेल बनाने के लिए टैग","<td>Data Cell</td>"
"नाम और शहर के हेडर वाली एक साधारण टेबल बनाओ","<table><tr><th>Name</th><th>City</th></tr><tr><td>Amit</td><td>Lucknow</td></tr></table>"
"एक तस्वीर बनाओ जो क्लिक करने पर गूगल पर ले जाए","<a href='https://google.com'><img src='photo.jpg' alt='Google link' style='width:42px;height:42px;'></a>"
"HTML में एक कमेंट लिखो",""
"एक कोटेशन के लिए blockquote टैग बनाओ","<blockquote>This is a long quotation. It helps to show that this text is quoted from another source.</blockquote>"
"एक पैराग्राफ बनाओ जिस पर होवर करने पर 'Tooltip text' दिखे","<p title='This is the tooltip text'>Hover over this paragraph.</p>"
"एक डिसेबल्ड इनपुट फील्ड बनाओ","<input type='text' value='Cannot change this' disabled>"
"एक सिर्फ-पढ़ने-लायक (read-only) इनपुट फील्ड बनाओ","<input type='text' value='You can only read this' readonly>"
"एक नेस्टेड लिस्ट बनाओ (लिस्ट के अंदर लिस्ट)","<ul><li>Coffee</li><li>Tea<ul><li>Black Tea</li><li>Green Tea</li></ul></li></ul>"
"एक पैराग्राफ को 'intro-para' की आईडी दो","<p id='intro-para'>This is the introduction paragraph.</p>"
"दो पैराग्राफ को 'highlight' क्लास दो","<p class='highlight'>This is the first highlighted paragraph.</p><p class='highlight'>This is the second one.</p>"
"कॉपीराइट सिंबल © बनाने के लिए कोड","<p>Copyright &copy; 2025</p>"
"less-than सिंबल (<) को टेक्स्ट में दिखाने के लिए कोड","<p>The less-than sign is written as &lt;</p>"
"लिंग चुनने के लिए रेडियो बटन बनाओ","<form><input type='radio' id='male' name='gender' value='Male'><label for='male'>Male</label><br><input type='radio' id='female' name='gender' value='Female'><label for='female'>Female</label></form>"
"हॉबी चुनने के लिए चेकबॉक्स बनाओ","<input type='checkbox' id='hobby1' name='hobby1' value='Music'><label for='hobby1'>Music</label><br><input type='checkbox' id='hobby2' name='hobby2' value='Sports'><label for='hobby2'>Sports</label>"
"कमेंट लिखने के लिए एक बड़ा टेक्स्ट एरिया बनाओ","<textarea name='comment' rows='5' cols='30' placeholder='Write your comment here...'></textarea>"
"शहर चुनने के लिए एक ड्रॉपडाउन लिस्ट बनाओ","<label for='city'>Choose a city:</label><select id='city' name='city'><option value='delhi'>Delhi</option><option value='mumbai'>Mumbai</option></select>"
"जन्मदिन चुनने के लिए एक डेट इनपुट बनाओ","<label for='birthday'>Birthday:</label><input type='date' id='birthday' name='birthday'>"
"रंग चुनने के लिए एक कलर पिकर बनाओ","<label for='favcolor'>Select your favorite color:</label><input type='color' id='favcolor' name='favcolor'>"
"1 से 10 के बीच एक नंबर चुनने के लिए इनपुट बनाओ","<label for='quantity'>Quantity (between 1 and 10):</label><input type='number' id='quantity' name='quantity' min='1' max='10'>"
"फाइल अपलोड करने के लिए एक बटन बनाओ","<label for='myfile'>Select a file:</label><input type='file' id='myfile' name='myfile'>"
"एक सामान्य क्लिक करने वाला बटन बनाओ","<button type='button'>Click Me</button>"
"फॉर्म को रीसेट करने के लिए एक बटन बनाओ","<button type='reset'>Reset Form</button>"
"वेबसाइट के लिए एक हेडर सेक्शन बनाओ","<header><h1>Main Website Title</h1><p>Welcome to our website!</p></header>"
"वेबसाइट के लिए एक फुटर सेक्शन बनाओ","<footer><p>Author: Amit Saka<br><a href='mailto:email@example.com'>email@example.com</a></p></footer>"
"पेज के मुख्य कंटेंट के लिए main टैग का उपयोग करो","<main><h2>Main Content Heading</h2><p>This is the main content of the page where the primary information resides.</p></main>"
"एक 'About Us' सेक्शन बनाओ","<section><h2>About Us</h2><p>Information about our company and history.</p></section>"
"एक ब्लॉग पोस्ट के लिए article टैग का उपयोग करो","<article><h3>Blog Post Title</h3><p>This is the first paragraph of the blog post. It contains the main story.</p></article>"
"एक नेविगेशन मेन्यू के लिए nav टैग बनाओ","<nav><a href='/home'>Home</a> | <a href='/about'>About</a> | <a href='/contact'>Contact</a></nav>"
"कैप्शन के साथ एक तस्वीर दिखाने के लिए figure और figcaption टैग का उपयोग करो","<figure><img src='pic.jpg' alt='My Picture' style='width:100%'><figcaption>Fig.1 - A caption for the picture above.</figcaption></figure>"
"समय दिखाने के लिए time टैग का उपयोग करो","<p>The event starts at <time>10:00</time> in the morning.</p>"
"टेक्स्ट को हाईलाइट करने के लिए mark टैग का उपयोग करो","<p>Do not forget to buy <mark>milk</mark> today.</p>"
"एक क्लिक करके खुलने और बंद होने वाला सेक्शन बनाओ","<details><summary>Click for details</summary><p>This is the hidden detail text that appears on click.</p></details>"
